--INSERTS A LA TABLA

--Local
INSERT INTO LOCAL_PR VALUES (0,17000.00);
--EMPLEADO
INSERT INTO EMPLEADO VALUES (10001,'Jose','Hernandez','Cobarrubias');
INSERT INTO EMPLEADO VALUES (10002,'Gabriel' ,'Rodriguez ','Mendez' );
INSERT INTO EMPLEADO VALUES (10003,'Ana','Jimenez ','Matias ');
INSERT INTO EMPLEADO VALUES (10004,'Estefania','Hernandez ','Hernandez');
INSERT INTO EMPLEADO VALUES (10005,'Roberto' ,'Palacios','Torres');
INSERT INTO EMPLEADO VALUES (10006,'Pedro' ,'Sosa','Castro');
INSERT INTO EMPLEADO VALUES (10007,'Oriana' ,'Miranda','Urrecheaga');
INSERT INTO EMPLEADO VALUES (10008,'Miguel' ,'Celis','Diaz');
INSERT INTO EMPLEADO VALUES (10009,'Angel' ,'Sosa','Alvirde');
INSERT INTO EMPLEADO VALUES (10010,'Rodrigo' ,'Rojas','Campos');

--TECNICO
INSERT INTO TECNICO VALUES (20001,10005);
INSERT INTO TECNICO VALUES (20002,10004);
INSERT INTO TECNICO VALUES (20035,10003);
INSERT INTO TECNICO VALUES (20003,10010);
--TELEFTECNICOO
INSERT INTO TELEF_TECNICO VALUES (5548695361, 20001);
INSERT INTO TELEF_TECNICO VALUES (5658746983, 20002);
INSERT INTO TELEF_TECNICO VALUES (5578965854, 20035);
INSERT INTO TELEF_TECNICO VALUES (5554552032, 20001);
INSERT INTO TELEF_TECNICO VALUES (5544749461, 20002);
INSERT INTO TELEF_TECNICO VALUES (5554556913, 20003);

--ENCARGADO
INSERT INTO ENCARGADO VALUES (30001, 10001,'JoseHCobarruvia@gmail.com',0);
INSERT INTO ENCARGADO VALUES (30002, 10002,'gabihernandez@hotmail.com'	,0);
--TELEF ENCARGADO 
INSERT INTO TELEF_ENCARGADO VALUES  (5573856541	,30001);
INSERT INTO TELEF_ENCARGADO VALUES  (5577824593 ,30002);

--TORNEO
INSERT INTO TORNEO VALUES (1,'Minecraft' );
INSERT INTO TORNEO VALUES (2,'APEX LEGENDS' );
INSERT INTO TORNEO VALUES (3,'Halo infinite' );
INSERT INTO TORNEO VALUES (4,'Fortnite' );
INSERT INTO TORNEO VALUES (5, 'WARZONE' );

--CREAN
INSERT INTO CREAN VALUES (1,0,1,'22/10/2022');
INSERT INTO CREAN VALUES (2,0,2,'23/08/2021');
INSERT INTO CREAN VALUES (3,0,3,'14/05/2021');
INSERT INTO CREAN VALUES (4,0,4,'25/11/2021');
INSERT INTO CREAN VALUES (5,0,5,'31/12/2021');



--TIPO
INSERT INTO TIPO VALUES  (0,'cliente Estandar');
INSERT INTO TIPO VALUES (1,'cliente Preferente');

--CLIENTE
INSERT INTO CLIENTE VALUES (1,'Teresa' ,'Hernadez','Paredes',0);
INSERT INTO CLIENTE VALUES (2,'Juan ','Lopez','Hernadez',0);
INSERT INTO CLIENTE VALUES (3,'Rodrigo' ,'Rodrigez','Gomez',0);
INSERT INTO CLIENTE VALUES (4,'Antonio' ,'Espinoza','Lopez',0);
INSERT INTO CLIENTE VALUES (5,'Luisa' ,'Hernadez','Ramirez',0);
INSERT INTO CLIENTE VALUES (6,'Ana','Nuñez' ,'Hernadez',0);
INSERT INTO CLIENTE VALUES (7,'Lucia','Cleamer','Troncoso' ,1);
INSERT INTO CLIENTE VALUES (8,'Eduardo ','Ramirez' ,'Lopez',1);
INSERT INTO CLIENTE VALUES (9,'Victor','Hernadez','Rodrigez' ,'0');
INSERT INTO CLIENTE VALUES (10,'Adrian' ,'Arsate' ,'Mendez',0);
INSERT INTO CLIENTE VALUES (11,'Laura ','Montiel' ,'Ramirez',0);
INSERT INTO CLIENTE VALUES (12,'Itzel' ,'Rodrigez','Carrillo' ,1);
INSERT INTO CLIENTE VALUES (13,'Antonio' ,'Macias' ,'Hernadez',1);
INSERT INTO CLIENTE VALUES (14,'Ricardo' ,'Ceballos' ,'Paredes',1);
INSERT INTO CLIENTE VALUES (15,'Monica' ,'Domingez' ,'Hernadez',1);
INSERT INTO CLIENTE VALUES (16,'Anyeremi' ,'De Jesus ','Escobar ',1);
INSERT INTO CLIENTE VALUES (17,'Emanuel' ,'Ruiz ','Burgos' ,1);
INSERT INTO CLIENTE VALUES (18,'Alexa' ,'Mendoza ','Carrillo' ,1);
INSERT INTO CLIENTE VALUES (19,'Ezperanza ','Cruz ','Silva' ,0);
INSERT INTO CLIENTE VALUES (20,'Nadia' ,'Macias ','Lopez',1);
INSERT INTO CLIENTE VALUES (21,'Jaqueline' ,'Moran' ,'Ramirez ',0);
INSERT INTO CLIENTE VALUES (22,'Alejandro' ,'Juarez ','Presley' ,1);
INSERT INTO CLIENTE VALUES (23,'Alicia' ,'Palacios' ,'Alarcone' ,0);
INSERT INTO CLIENTE VALUES (24,'Karen' ,'Ramirez ','De maria' ,0);
INSERT INTO CLIENTE VALUES (25,'Ema','Manzilla ','Castrajan' ,0);
INSERT INTO CLIENTE VALUES (26,'Aime ','Lopez ','Torres',0);
INSERT INTO CLIENTE VALUES (27,'Karla ','Hernadez','Macias' ,1);
INSERT INTO CLIENTE VALUES (28,'Betsabe ','Bassoco ','Alarcone' ,0);
INSERT INTO CLIENTE VALUES (29,'Sofia' ,'Garcia' ,'Muñoz' ,1); 


--CORREO DEL CLIENTE
INSERT INTO CORREOCLIENTE  VALUES  (1,'oriol19@hotmail.es');
INSERT INTO CORREOCLIENTE  VALUES  (2,'ruben.muniz@ontiveros.org');
INSERT INTO CORREOCLIENTE  VALUES  (3,'wrosales@armendariz.org');
INSERT INTO CORREOCLIENTE  VALUES (4,'rzambrano@galan.org');
INSERT INTO CORREOCLIENTE  VALUES (5,'delafuente.aina@raya.com');
INSERT INTO CORREOCLIENTE  VALUES (6,'enrique89@yahoo.es');
INSERT INTO CORREOCLIENTE  VALUES (7,'hugo57@hotmail.es');
INSERT INTO CORREOCLIENTE  VALUES (8,'miriam.veliz@sandoval.com');
INSERT INTO CORREOCLIENTE  VALUES (9,'irene.redondo@live.com');
INSERT INTO CORREOCLIENTE  VALUES (10,'umoran@delapaz.com');
INSERT INTO CORREOCLIENTE  VALUES (11,'qtirado@cazares.net');
INSERT INTO CORREOCLIENTE  VALUES (12,'guatepaiz@daiuiae.com');
INSERT INTO CORREOCLIENTE  VALUES(13,'lopezsknd@gmail.com');
INSERT INTO CORREOCLIENTE  VALUES(14,'ainara.lucero@blazquez.com');
INSERT INTO CORREOCLIENTE  VALUES(15,'salvador.alexia@ornelas.org');
INSERT INTO CORREOCLIENTE  VALUES(16,'escalante.lucia@giron.org');
INSERT INTO CORREOCLIENTE  VALUES(17,'paola.galvan@hotmail.com');
INSERT INTO CORREOCLIENTE  VALUES(18,'juana55@yahoo.es');
INSERT INTO CORREOCLIENTE  VALUES(19,'carrasquillo.jon@castillo.net');
INSERT INTO CORREOCLIENTE  VALUES(20,'mpalomino@lugo.com');
INSERT INTO CORREOCLIENTE  VALUES(21,'cadena.lucas@galarza.org');
INSERT INTO CORREOCLIENTE  VALUES(22,'lalaniz@carretero.com');
INSERT INTO CORREOCLIENTE  VALUES(23,'gonzalo.ochoa@toro.es');
INSERT INTO CORREOCLIENTE  VALUES(24,'pedro80@escudero.es');
INSERT INTO CORREOCLIENTE  VALUES(25,'bcarrero@gmail.com');
INSERT INTO CORREOCLIENTE  VALUES(26,'chacon.alejandro@puga.com');
INSERT INTO CORREOCLIENTE  VALUES(27,'nmorales@yahoo.es');
INSERT INTO CORREOCLIENTE  VALUES(28,'aparicio.alejandra@live.com');
INSERT INTO CORREOCLIENTE  VALUES(29,'kmontalvo@gmail.com');

--EQUIPOS DE TORNEOS
INSERT INTO EQUIPOTORNEO VALUES (1,'Faze');
INSERT INTO EQUIPOTORNEO VALUES (2,'NRG');
INSERT INTO EQUIPOTORNEO VALUES (3,'TNG');
INSERT INTO EQUIPOTORNEO VALUES (4,'STOOKI');
INSERT INTO EQUIPOTORNEO VALUES (5,'XTRA');
INSERT INTO EQUIPOTORNEO VALUES (6,'TIMBERS');
INSERT INTO EQUIPOTORNEO VALUES (7,'CRUELTY');
INSERT INTO EQUIPOTORNEO VALUES (8,'G2');
INSERT INTO EQUIPOTORNEO VALUES (9,'TSM');
INSERT INTO EQUIPOTORNEO VALUES (10,'RG4FL');



--PREFETORNEO

INSERT INTO PREFETORNEO VALUES  (1,7,1,1,2);
INSERT INTO PREFETORNEO VALUES  (2,8,2,1,3);
INSERT INTO PREFETORNEO VALUES  (3,13,3,3,3);
INSERT INTO PREFETORNEO VALUES (4,14,4,2,1);
INSERT INTO PREFETORNEO VALUES  (5,15,5,5,3);
INSERT INTO PREFETORNEO VALUES  (6,16,6,6,3);
INSERT INTO PREFETORNEO VALUES  (7,17,7,2,2);
INSERT INTO PREFETORNEO VALUES  (8,18,8,8,3);
INSERT INTO PREFETORNEO VALUES  (9,20,9,8,1);
INSERT INTO PREFETORNEO VALUES  (10,22,10,9,3);
INSERT INTO PREFETORNEO VALUES  (11,27,11,10,2);
INSERT INTO PREFETORNEO VALUES  (12,29,12,4,2);--listo 

--MARCA
INSERT INTO MARCA VALUES  (1,'Microsoft');
INSERT INTO MARCA VALUES  (2,'Nintendo');
INSERT INTO MARCA VALUES  (3,'Gamers');
INSERT INTO MARCA VALUES  (4,'Sony');
INSERT INTO MARCA VALUES  (5,'PC');

--CAPACIDAD
INSERT INTO CAPACIDAD VALUES  (1,'100 GB');
INSERT INTO CAPACIDAD VALUES  (2,'500 GB');
INSERT INTO CAPACIDAD VALUES  (3,'1 TB');
INSERT INTO CAPACIDAD VALUES  (4,'2 TB');

--MODELO
INSERT INTO MODELO VALUES  (1,'Series X pro');
INSERT INTO MODELO VALUES  (2,'Switch');
INSERT INTO MODELO VALUES  (3,'GforCe Paviliom');
INSERT INTO MODELO VALUES  (4,'PS5');
INSERT INTO MODELO VALUES  (5,'PS4');
INSERT INTO MODELO VALUES  (6,'xbox one');
INSERT INTO MODELO VALUES  (7,'xbox 360');
INSERT INTO MODELO VALUES  (8,'nintendo 64');
INSERT INTO MODELO VALUES  (9,'PC');
INSERT INTO MODELO VALUES  (10,'PS3');

INSERT INTO CONSOLA VALUES (1,1,2,1,'FF6SDF15F13F2S13F',0);
INSERT INTO CONSOLA VALUES (2,2,1,2,'F5DF1S56F1D6GS6SD',0);
INSERT INTO CONSOLA VALUES (3,3,3,3,'4A8D0AD89DA0D9A',0);
INSERT INTO CONSOLA VALUES (4,4,3,4,'DA87SDAD7A5D4SAD',0);
INSERT INTO CONSOLA VALUES (5,1 ,2,1,'5A7D4A65D1A65D1S1',0);
INSERT INTO CONSOLA VALUES (6,2,1,2,'DA84ASA15D6SDA3S5D',0);
INSERT INTO CONSOLA VALUES (7,3,2,3,'AC6GJHDGD5JS4F5SD',0);
INSERT INTO CONSOLA VALUES (8,4 ,3,5,'F84A6FA15FRF651G6F',0);
INSERT INTO CONSOLA VALUES (9,1 ,4,1,'AD4AD1A5S1S5GG75HB',0);
INSERT INTO CONSOLA VALUES (10,2,1,2,'TJD4G6S51F5SF1S000FS',0);
INSERT INTO CONSOLA VALUES (11,3,2,3,'FS5F0SF2S501SG1SG51',0);
INSERT INTO CONSOLA VALUES (12,4,3,4,'0S50FS50F1SF1E0W0D',0);
INSERT INTO CONSOLA VALUES (13,1,2,1,'D0D40AD1A651D6AD',0);
INSERT INTO CONSOLA VALUES (14,2,1,2,'AD40A0DAD5D1A6A1561',0);
INSERT INTO CONSOLA VALUES (15,3,3,3,'0AD1AD1A6D4AD0A6',0);
INSERT INTO CONSOLA VALUES (16,4,3,4,'00S0S0DA0SD0SF0DGY',0);
INSERT INTO CONSOLA VALUES (17,1,3,1,'H0OK0JHK0UYHD0FGG0',0);
INSERT INTO CONSOLA VALUES (18,2,1,2,'0F5S20F6S51F6S5FS0G',0);
INSERT INTO CONSOLA VALUES(19,3 ,3,3,'DWA0D1A5D01A5S10FSF',0);
INSERT INTO CONSOLA VALUES (20,4,2,4,'F1SD1FSFD10S6F1SDFF',0);
INSERT INTO CONSOLA VALUES (21,1,3,1,'SF01SFS1FS61FDFS45F',0);



INSERT INTO REPARACONSOLA VALUES (1,20001,4,'16/02/2021','31/01/2021','Solucionado' ,'consolas problema de bandeja de entrada de discos' );
INSERT INTO REPARACONSOLA VALUES (2,20002,8,'01/06/2019','06/11/2021','Aun con falla ','ps lentitud del equio requiere formateo ');
INSERT INTO REPARACONSOLA VALUES (3,20035,21,'07/11/2020','28/11/2011','En revision' ,'Lentitud en partidas multijugador requiere piezas nuevas');


INSERT INTO DESCRIPCION VALUES (1,'RPG multijugador');
INSERT INTO DESCRIPCION VALUES (2,'Aventura, Acccion,Misterio');
INSERT INTO DESCRIPCION VALUES (3,'Carreras Multijugador');
INSERT INTO DESCRIPCION VALUES (4,'Peleas MULTIJUGADOR');
INSERT INTO DESCRIPCION VALUES (5,'Supervivencia y Aventura');
INSERT INTO DESCRIPCION VALUES (6,'Aventura y diversion');
INSERT INTO DESCRIPCION VALUES (7,'RPG SINGLE LAYER');
INSERT INTO DESCRIPCION VALUES (8,'Niños');
INSERT INTO DESCRIPCION VALUES (9,'Heroes accion y pelas');
INSERT INTO DESCRIPCION VALUES (10,'Amigos');
INSERT INTO DESCRIPCION VALUES (11,'No jugar');
INSERT INTO DESCRIPCION VALUES (12,'Miedo');

INSERT INTO CLASIFICACION VALUES (1,'T');
INSERT INTO CLASIFICACION VALUES (2,'E');
INSERT INTO CLASIFICACION VALUES (3,'E 10+');
INSERT INTO CLASIFICACION VALUES (4,'M');


INSERT INTO  VIDEOJUEGO VALUES (1,'Halo',                        1 ,'04/04/2006',1,1 ,900);
INSERT INTO  VIDEOJUEGO VALUES (2,'Gears of Wars' ,              1,'27/04/2006',1,1 ,1320);
INSERT INTO  VIDEOJUEGO VALUES (3,'Gears of Wars 2',             1 ,'13/02/1997',1,1,120);
INSERT INTO  VIDEOJUEGO VALUES (4,'Gears of Wars 3',             1 ,'28/11/2022',1,1,1100);
INSERT INTO  VIDEOJUEGO VALUES (5,'Gears of Wars Judmen' ,       1 ,	'03/02/2016',1,1 ,800);
INSERT INTO  VIDEOJUEGO VALUES (6,'Geras of Wars 4 ',            1 ,'23/06/2021',1,1 ,750);
INSERT INTO  VIDEOJUEGO VALUES (7,'Halo Wars ',                     1 ,'12/12/1991',1,1,698);
INSERT INTO  VIDEOJUEGO VALUES (8,'Halo Infinity ',                 7,'19/08/1991',1,1,698);
INSERT INTO  VIDEOJUEGO VALUES (9,'Minecraft',                      1 ,'27/04/1998',2,1 ,700);
INSERT INTO  VIDEOJUEGO VALUES (10,'KAMENO',                        2 ,'03/10/2019',3,1 ,700);
INSERT INTO  VIDEOJUEGO VALUES (11,'Forza Horizon',                 3 ,'18/05/2009',1,1 ,500);
INSERT INTO  VIDEOJUEGO VALUES (12,'Destinity',                     1 ,'08/07/1995',4,1,450);
INSERT INTO  VIDEOJUEGO VALUES (13,'Tomb Raider',                   2,'17/02/1991',1,1 ,300);
INSERT INTO  VIDEOJUEGO VALUES (14,'Batman' ,                       2,'21/06/1999',4,1 ,200);
INSERT INTO  VIDEOJUEGO VALUES (15,'Pacman ',                       3,'15/12/2010',2,1 ,450);
INSERT INTO  VIDEOJUEGO VALUES (16,'Raiman ',                       3 ,'09/01/1992',2,1,800);
INSERT INTO  VIDEOJUEGO VALUES (17,'Marvel VS CAPCOM',              4 ,	'01/07/2004',1,1,900);
INSERT INTO  VIDEOJUEGO VALUES (18,'Marvel VS CAPCOM 2',            4,'24/05/2002',1,1 ,700);
INSERT INTO  VIDEOJUEGO VALUES (19,'Marvel VS CAPCOM 3',            4,'24/09/2004',1,1 ,650);
INSERT INTO  VIDEOJUEGO VALUES (20,'RISK ',                         4 ,'09/08/2014',1,1 ,800);
INSERT INTO  VIDEOJUEGO VALUES (21,'Terrania ',                     5,'14/05/2006',4,1,120);
INSERT INTO  VIDEOJUEGO VALUES (22,'Super Mario Bros',              6,	'01/05/2000',2,2 ,1300);
INSERT INTO  VIDEOJUEGO VALUES (23,'Super Mario Bros: The Lost Levels',6,'02/06/2015',2,2 ,500);
INSERT INTO  VIDEOJUEGO VALUES (24,'Super Mario Bros 2',            6 ,'03/08/2000',2,2 ,490);
INSERT INTO  VIDEOJUEGO VALUES (25,'Super Mario Bros 3',            6 ,'04/01/2022',2,2 ,698);
INSERT INTO  VIDEOJUEGO VALUES (26,'Super Mario World',             6 ,'06/12/1993',2,2,632);
INSERT INTO  VIDEOJUEGO VALUES (27,'Super Mario World 2: Yoshi’s Island',6 ,'21/09/1991',2,2 ,200);
INSERT INTO  VIDEOJUEGO VALUES (28,'Super Mario 64',                6 ,'17/12/1997',2,2 ,150);
INSERT INTO  VIDEOJUEGO VALUES (29,'Mario Party 2',                 3,'10/03/1990',2,2 ,90);
INSERT INTO  VIDEOJUEGO VALUES (30,'Mario Party',                   6 ,'03/08/2000',2,2 ,90);
INSERT INTO  VIDEOJUEGO VALUES (31,'Mario Party 3',                 6 ,'20/10/2004',2,2,75);
INSERT INTO  VIDEOJUEGO VALUES (32,'Mario Party 4' ,                6 ,'20/10/2004',2,2,90);
INSERT INTO  VIDEOJUEGO VALUES (33,'Mario Party 5',                 6,'13/03/2016',2,2,200);
INSERT INTO  VIDEOJUEGO VALUES (34,'Mario Party 6',                 6,'13/03/2016',2,2 ,150);
INSERT INTO  VIDEOJUEGO VALUES (35,'Mario Party DS',                6 ,'20/03/1994',2,2,300);
INSERT INTO  VIDEOJUEGO VALUES (36,'Super Mario Sunshine',          6 ,'15/03/2015',2,2 ,300);
INSERT INTO  VIDEOJUEGO VALUES (37,'Super Mario Galaxy',            6 ,'15/03/2015',2,2,250);
INSERT INTO  VIDEOJUEGO VALUES (38,'Mario Kart ',                   3 ,'13/07/2013',2,2,400);
INSERT INTO  VIDEOJUEGO VALUES (39,'Mario Kart 64',                 3,'01/01/2015',2,2 ,600);
INSERT INTO  VIDEOJUEGO VALUES (40,'Mario Kart: Double Circuit',    7 ,'21/04/2022',2,4 ,900);
INSERT INTO  VIDEOJUEGO VALUES (41,'Smash' ,                        7 ,'25/06/2008',2,4 ,450);
INSERT INTO  VIDEOJUEGO VALUES (42,'Pepapig '                       ,8 ,'09/04/2002',2,4,630);
INSERT INTO  VIDEOJUEGO VALUES (43,'The Last Of US Rmst',           7 ,'18/04/2022',4,4 ,520);
INSERT INTO  VIDEOJUEGO VALUES (44,'Ghost' ,                        7 ,'13/06/2014',4,4,850);
INSERT INTO  VIDEOJUEGO VALUES (45,'ImMortal Realms Vampire ',      7 ,'17/09/2021',4,4 ,700);
INSERT INTO  VIDEOJUEGO VALUES (46,'Residen Evil ',                 7 ,'08/12/2010',4,4 ,960);
INSERT INTO  VIDEOJUEGO VALUES (47,'Prey' ,                         7 ,'05/03/2001',1,4 ,452);
INSERT INTO  VIDEOJUEGO VALUES (48,'Call of Duty Black OPS 2',      1,'21/05/2007',1,4 ,900);
INSERT INTO  VIDEOJUEGO VALUES (49,'The Technomancer',              1 ,'10/01/2017',1,4,150);
INSERT INTO  VIDEOJUEGO VALUES (50,'Avengers',                      9 ,'15/04/1995',1,4,1200);
INSERT INTO  VIDEOJUEGO VALUES (51,'Call of Duty  Black OPS',       1 ,'06/06/1991',1,4 ,1000);
INSERT INTO  VIDEOJUEGO VALUES (52,'Call of Duty ',                 1,'15/09/1991',1,4,900);
INSERT INTO  VIDEOJUEGO VALUES (53,'Slenderman' ,                   12,'21/07/1995',4,4 ,999);
INSERT INTO  VIDEOJUEGO VALUES (54,'The Legend of Zelda: Four Swords',2 ,'30/12/1998',2,4 ,450);
INSERT INTO  VIDEOJUEGO VALUES (55,'The Legend of Zelda: A Link Between Worlds',2 ,	'03/02/2020',2,4 ,800);
INSERT INTO  VIDEOJUEGO VALUES (56,'The Legend of Zelda: Triforce Heroes',2,'18/12/1992',2,4,700);
INSERT INTO  VIDEOJUEGO VALUES (57,'The legend of Zelda: Breath of the Wild',2,'10/07/2002',2,5,600);
INSERT INTO  VIDEOJUEGO VALUES (58,'The Legend of Zelda: A Link Between Worlds Greens',2,	'03/02/2020',2,5,400);
INSERT INTO  VIDEOJUEGO VALUES (59,'The Legend of Zelda: Four Swords Of shadows',2,'17/01/1995',2,5,600);
INSERT INTO  VIDEOJUEGO VALUES (60,'The Legend of Zelda: A Link Between Worlds ice',2,	'13/12/2010',2,5,750);
INSERT INTO  VIDEOJUEGO VALUES (61,'Spiderman ',9 ,'29/10/2005',1,5,800);
INSERT INTO  VIDEOJUEGO VALUES (62,'The Legend of Zelda: Majora’s mask',2 ,	'16/10/2003',2,5,600);
INSERT INTO  VIDEOJUEGO VALUES (63,'The Legend of Zelda: Ocarina of Time',2 ,'23/01/2014',2,5,400);
INSERT INTO  VIDEOJUEGO VALUES (64,'The Legend of Zelda: Link’s awakening',2 ,'14/10/2002',2,5,600);
INSERT INTO  VIDEOJUEGO VALUES (65,'The Legend of Zelda: A Link to the past',2 ,'25/11/1995',2,5,450);
INSERT INTO  VIDEOJUEGO VALUES (66,'The Legend of Zelda II',2 ,'13/06/1993',2,5,120);
INSERT INTO  VIDEOJUEGO VALUES (67,'The Legend of Zelda',2,'01/03/2020',2,5,300);
INSERT INTO  VIDEOJUEGO VALUES (68,'New Super Mario Bros U',6,'12/01/1992',2,5,450);
INSERT INTO  VIDEOJUEGO VALUES (69,'New Super Mario Bros U Deluxe',6 ,'28/01/2022',2,5,840);
INSERT INTO  VIDEOJUEGO VALUES (70,'Super Mario Land',6,	'26/01/2017',2,5,520);
INSERT INTO  VIDEOJUEGO VALUES (71,'Super Mario Land 2',6 ,'30/06/1993',2,5,480);
INSERT INTO  VIDEOJUEGO VALUES (72,'Super Mario 3D Land',6,'29/09/2004',2,5,900);
INSERT INTO  VIDEOJUEGO VALUES (73,'Super Mario 3D World',6,'01/12/1998',2,5,900);
INSERT INTO  VIDEOJUEGO VALUES (74,'Monkey Island ',8,'15/09/2012',2,5,700);
INSERT INTO  VIDEOJUEGO VALUES (75,'World of Warcraft' ,7,'15/09/2012',1,5,850);
INSERT INTO  VIDEOJUEGO VALUES (76,'Start Craft 2' ,7 ,'13/12/2011',1,5,850);
INSERT INTO  VIDEOJUEGO VALUES (77,'Basta ',10 ,	'08/03/2019',1,5,700);
INSERT INTO  VIDEOJUEGO VALUES (78,'Gartich ',10,'16/04/2002',1,5,600);
INSERT INTO  VIDEOJUEGO VALUES (79,'Amongs Us' ,10,'14/05/2021',1,5,900);
INSERT INTO  VIDEOJUEGO VALUES (80,'League of Legens' ,11 ,'04/01/1994',4,5,1100);

INSERT INTO ESTADO VALUES(1,'malo');
INSERT INTO ESTADO VALUES(2,'bueno');


--ID VIDEOJUEGO, NUM EJEMPLAR,, ID ESTADO, ID MODELO, ID EQUIPO

INSERT INTO EJEMPLAR  VALUES( 5,1,1,1,1);
INSERT INTO EJEMPLAR  VALUES( 10,1,1,2,10);
INSERT INTO EJEMPLAR  VALUES( 56,1,1,1,9);
INSERT INTO EJEMPLAR  VALUES( 1,23,1,2,2);
INSERT INTO EJEMPLAR  VALUES( 40,11,1,3,3);
INSERT INTO EJEMPLAR  VALUES( 32,5,1,4,4);
INSERT INTO EJEMPLAR  VALUES( 76,20,1,1,17);
INSERT INTO EJEMPLAR  VALUES( 66,13,1,3,11);
INSERT INTO EJEMPLAR  VALUES( 2,1,1,2,6);
INSERT INTO EJEMPLAR  VALUES( 4,8,1,3,7);

--(id_renta, id_equipo, num_cliente, id videojuego, no ejemplar, tiempo
INSERT INTO RENTACLIENTE VALUES (1,1,1,5,1,'16/02/2021');
INSERT INTO RENTACLIENTE VALUES (2,10,5,10,1, sysdate);
INSERT INTO RENTACLIENTE VALUES (3,9,3,56,1,'2/03/2021');
INSERT INTO RENTACLIENTE VALUES (4,2,7,1,23,'03/03/2021');
INSERT INTO RENTACLIENTE VALUES (5,3,19,40,11,'04/03/2021');
INSERT INTO RENTACLIENTE VALUES (6,4,2,32,5,'10/03/2021');
INSERT INTO RENTACLIENTE VALUES (7,17,8,76,20,'11/03/2021');
INSERT INTO RENTACLIENTE VALUES (8,11,10,66,13,'12/03/2021');
INSERT INTO RENTACLIENTE VALUES (9,6,23,2,1,'17/05/2021');
INSERT INTO RENTACLIENTE VALUES (10,7,24,4,8,'10/06/2021');

